url	first_seen	portal	title	company	status
https://job-boards.greenhouse.io/humeai/jobs/4856037008	2026-04-17	greenhouse-api	Product Manager, Growth	Hume AI	added
https://job-boards.eu.greenhouse.io/polyai/jobs/4828275101	2026-04-17	greenhouse-api	Senior Manager, GTM Systems 	PolyAI	added
https://job-boards.eu.greenhouse.io/parloa/jobs/4828266101	2026-04-17	greenhouse-api	Content Marketing Manager	Parloa	added
https://job-boards.eu.greenhouse.io/parloa/jobs/4841477101	2026-04-17	greenhouse-api	Director of Product Marketing	Parloa	added
https://job-boards.eu.greenhouse.io/parloa/jobs/4808845101	2026-04-17	greenhouse-api	EMEA Senior Product Marketing Manager 	Parloa	added
https://job-boards.eu.greenhouse.io/parloa/jobs/4757228101	2026-04-17	greenhouse-api	Lead Customer Marketing Manager - U.S.	Parloa	added
https://job-boards.eu.greenhouse.io/parloa/jobs/4828560101	2026-04-17	greenhouse-api	Principal Product Marketing Manager	Parloa	added
https://job-boards.eu.greenhouse.io/parloa/jobs/4729591101	2026-04-17	greenhouse-api	Senior Field Marketing Manager 	Parloa	added
https://job-boards.eu.greenhouse.io/parloa/jobs/4783662101	2026-04-17	greenhouse-api	Senior Field Marketing Manager EMEA	Parloa	added
https://job-boards.eu.greenhouse.io/parloa/jobs/4837297101	2026-04-17	greenhouse-api	Senior Partner Marketing Manager EMEA	Parloa	added
https://job-boards.eu.greenhouse.io/parloa/jobs/4843556101	2026-04-17	greenhouse-api	Software Engineer, GTM	Parloa	added
https://job-boards.eu.greenhouse.io/parloa/jobs/4788625101	2026-04-17	greenhouse-api	Sr. Performance Marketing Manager	Parloa	added
https://job-boards.eu.greenhouse.io/parloa/jobs/4703519101	2026-04-17	greenhouse-api	Staff/Principal Product Manager	Parloa	added
https://job-boards.greenhouse.io/intercom/jobs/7524848	2026-04-17	greenhouse-api	GTM Data Analyst - Integrated Campaigns	Intercom	added
https://job-boards.greenhouse.io/intercom/jobs/7450484	2026-04-17	greenhouse-api	Performance Marketing Manager - Social 	Intercom	added
https://job-boards.greenhouse.io/intercom/jobs/7814380	2026-04-17	greenhouse-api	Principal Engineer - Go-To-Market	Intercom	added
https://job-boards.greenhouse.io/intercom/jobs/7464294	2026-04-17	greenhouse-api	Senior AI Product Manager	Intercom	added
https://job-boards.greenhouse.io/intercom/jobs/7544673	2026-04-17	greenhouse-api	Senior Community Events Marketing Manager	Intercom	added
https://job-boards.greenhouse.io/intercom/jobs/7652268	2026-04-17	greenhouse-api	Senior GTM Data Scientist 	Intercom	added
https://job-boards.greenhouse.io/intercom/jobs/7441053	2026-04-17	greenhouse-api	Senior GTM Enablement Manager, Operations	Intercom	added
https://job-boards.greenhouse.io/intercom/jobs/7441074	2026-04-17	greenhouse-api	Senior GTM Product Enablement Manager	Intercom	added
https://job-boards.greenhouse.io/intercom/jobs/7371973	2026-04-17	greenhouse-api	Senior Product Manager	Intercom	added
https://job-boards.greenhouse.io/intercom/jobs/5663720	2026-04-17	greenhouse-api	Senior Product Manager 	Intercom	added
https://job-boards.greenhouse.io/intercom/jobs/7511861	2026-04-17	greenhouse-api	Senior Product Manager, Web 	Intercom	added
https://job-boards.greenhouse.io/intercom/jobs/6758904	2026-04-17	greenhouse-api	Senior Product Manager, Web (Narrative/Content) 	Intercom	added
https://job-boards.greenhouse.io/intercom/jobs/7511870	2026-04-17	greenhouse-api	Staff Product Manager - Web Growth	Intercom	added
https://job-boards.greenhouse.io/anthropic/jobs/5074052008	2026-04-17	greenhouse-api	Commercial Counsel, GTM	Anthropic	added
https://job-boards.greenhouse.io/anthropic/jobs/5169167008	2026-04-17	greenhouse-api	Field Marketing Manager	Anthropic	added
https://job-boards.greenhouse.io/anthropic/jobs/5135964008	2026-04-17	greenhouse-api	Finance & Strategy, GTM - India	Anthropic	added
https://job-boards.greenhouse.io/anthropic/jobs/5079133008	2026-04-17	greenhouse-api	Finance & Strategy, GTM - Korea	Anthropic	added
https://job-boards.greenhouse.io/anthropic/jobs/5121572008	2026-04-17	greenhouse-api	GTM Strategy & Operations (Enterprise), DACH	Anthropic	added
https://job-boards.greenhouse.io/anthropic/jobs/5005519008	2026-04-17	greenhouse-api	GTM Strategy & Operations (Enterprise) - EMEA	Anthropic	added
https://job-boards.greenhouse.io/anthropic/jobs/5171624008	2026-04-17	greenhouse-api	Head of Integrated Marketing, Claude	Anthropic	added
https://job-boards.greenhouse.io/anthropic/jobs/5181852008	2026-04-17	greenhouse-api	Product Manager, API Growth	Anthropic	added
https://job-boards.greenhouse.io/anthropic/jobs/4985920008	2026-04-17	greenhouse-api	Product Manager, Claude Code	Anthropic	added
https://job-boards.greenhouse.io/anthropic/jobs/5127559008	2026-04-17	greenhouse-api	Product Manager, Consumer	Anthropic	added
https://job-boards.greenhouse.io/anthropic/jobs/5153773008	2026-04-17	greenhouse-api	Product Manager, Monetization	Anthropic	added
https://job-boards.greenhouse.io/anthropic/jobs/5153924008	2026-04-17	greenhouse-api	Product Manager, Multi-Cloud Growth - Google	Anthropic	added
https://job-boards.greenhouse.io/anthropic/jobs/5179882008	2026-04-17	greenhouse-api	Product Operations Manager, Feedback Loops	Anthropic	added
https://job-boards.greenhouse.io/anthropic/jobs/5179891008	2026-04-17	greenhouse-api	Product Operations Manager, Research Product	Anthropic	added
https://job-boards.greenhouse.io/anthropic/jobs/5097067008	2026-04-17	greenhouse-api	Research Product Manager, Model Behaviors	Anthropic	added
https://job-boards.greenhouse.io/anthropic/jobs/5102259008	2026-04-17	greenhouse-api	Segment Marketing Manager, Financial Services & Insurance	Anthropic	added
https://job-boards.greenhouse.io/anthropic/jobs/5055794008	2026-04-17	greenhouse-api	Segment Marketing Manager, Strategic Accounts	Anthropic	added
https://job-boards.greenhouse.io/anthropic/jobs/5183006008	2026-04-17	greenhouse-api	Senior Product Manager, Education Labs	Anthropic	added
https://jobs.ashbyhq.com/vapi/202bbcae-46eb-4dfc-abe2-d416685291b6	2026-04-17	ashby-api	Senior GTM Recruiter	Vapi	added
https://jobs.ashbyhq.com/vapi/5a2b92d6-657a-456c-8b1a-074f59a44e90	2026-04-17	ashby-api	Director of Demand Generation	Vapi	added
https://job-boards.greenhouse.io/airtable/jobs/8199012002	2026-04-17	greenhouse-api	Product Manager, AI	Airtable	added
https://job-boards.greenhouse.io/airtable/jobs/8475571002	2026-04-17	greenhouse-api	Product Manager, Funnel & Activation	Airtable	added
https://job-boards.greenhouse.io/airtable/jobs/8245333002	2026-04-17	greenhouse-api	Product Manager, Omni	Airtable	added
https://job-boards.greenhouse.io/airtable/jobs/8485360002	2026-04-17	greenhouse-api	Regional Marketing Manager	Airtable	added
https://job-boards.greenhouse.io/vercel/jobs/5815467004	2026-04-17	greenhouse-api	Field Marketing Manager, Startups	Vercel	added
https://job-boards.greenhouse.io/vercel/jobs/5777645004	2026-04-17	greenhouse-api	GTM Engineer 	Vercel	added
https://job-boards.greenhouse.io/vercel/jobs/5199830004	2026-04-17	greenhouse-api	Head of Product Marketing 	Vercel	added
https://job-boards.greenhouse.io/vercel/jobs/5969347004	2026-04-17	greenhouse-api	Product Marketing, Security	Vercel	added
https://job-boards.greenhouse.io/runpod/jobs/5158299008	2026-04-17	greenhouse-api	Customer Marketing Manager 	RunPod	added
https://job-boards.greenhouse.io/runpod/jobs/5173080008	2026-04-17	greenhouse-api	Digital Marketing Manager 	RunPod	added
https://job-boards.greenhouse.io/runpod/jobs/5112001008	2026-04-17	greenhouse-api	Senior Product Manager 	RunPod	added
https://job-boards.greenhouse.io/gleanwork/jobs/4668783005	2026-04-17	greenhouse-api	Field Marketing Manager, ANZ	Glean	added
https://job-boards.greenhouse.io/gleanwork/jobs/4659409005	2026-04-17	greenhouse-api	Forward Deployed Product Manager	Glean	added
https://job-boards.greenhouse.io/gleanwork/jobs/4653829005	2026-04-17	greenhouse-api	GTM Onboarding & Readiness Manager	Glean	added
https://job-boards.greenhouse.io/gleanwork/jobs/4674234005	2026-04-17	greenhouse-api	GTM Strategic Finance Manager	Glean	added
https://job-boards.greenhouse.io/gleanwork/jobs/4629292005	2026-04-17	greenhouse-api	Product Manager	Glean	added
https://job-boards.greenhouse.io/gleanwork/jobs/4525297005	2026-04-17	greenhouse-api	Product Manager, Agent Security & Governance	Glean	added
https://job-boards.greenhouse.io/gleanwork/jobs/4525518005	2026-04-17	greenhouse-api	Product Manager, AI Quality	Glean	added
https://job-boards.greenhouse.io/gleanwork/jobs/4597178005	2026-04-17	greenhouse-api	Product Manager, Connectors	Glean	added
https://job-boards.greenhouse.io/gleanwork/jobs/4641940005	2026-04-17	greenhouse-api	Product Manager, Glean Protect (Security & Governance)	Glean	added
https://job-boards.greenhouse.io/gleanwork/jobs/4670205005	2026-04-17	greenhouse-api	Senior Field Marketing Manager (Canada & LATAM)	Glean	added
https://job-boards.greenhouse.io/gleanwork/jobs/4670210005	2026-04-17	greenhouse-api	Senior Field Marketing Manager (Strategic, Central)	Glean	added
https://job-boards.greenhouse.io/gleanwork/jobs/4678598005	2026-04-17	greenhouse-api	Senior Lifecycle Marketing Operations Manager	Glean	added
https://job-boards.greenhouse.io/gleanwork/jobs/4657520005	2026-04-17	greenhouse-api	Senior Marketing Campaign Manager	Glean	added
https://job-boards.greenhouse.io/arizeai/jobs/5818115004	2026-04-17	greenhouse-api	AI Product Manager	Arize AI	added
https://job-boards.greenhouse.io/arizeai/jobs/5844314004	2026-04-17	greenhouse-api	Customer Marketing Manager	Arize AI	added
https://job-boards.greenhouse.io/arizeai/jobs/5816924004	2026-04-17	greenhouse-api	Field Events Marketing Manager, EMEA	Arize AI	added
https://job-boards.greenhouse.io/arizeai/jobs/5818051004	2026-04-17	greenhouse-api	Product Marketing Manager	Arize AI	added
https://job-boards.eu.greenhouse.io/speechmatics/jobs/4673941101	2026-04-17	greenhouse-api	Senior Product Manager	Speechmatics	added
https://jobs.ashbyhq.com/n8n/a259b31d-3df5-4bc0-9feb-865e85016fba	2026-04-17	ashby-api	GTM (German-speaking) Talent Pool	n8n	added
https://jobs.ashbyhq.com/n8n/e0ab33cc-db1a-4c0b-8d30-78b253c8d69c	2026-04-17	ashby-api	Senior Lifecycle Marketing Manager	n8n	added
https://jobs.ashbyhq.com/zapier/e2047de6-8f3c-4e22-92ad-256fd540b7e7	2026-04-17	ashby-api	GTM at Zapier	Zapier	added
https://jobs.ashbyhq.com/cohere/2a179d34-c391-48bd-b2a3-b04f468a3840	2026-04-17	ashby-api	Product Manager, Search and Embeddings	Cohere	added
https://jobs.ashbyhq.com/cohere/527c455c-4cdd-4a3a-b537-61ca36dbf7a9	2026-04-17	ashby-api	Solutions Marketing Manager	Cohere	added
https://jobs.ashbyhq.com/cohere/f54c0ca3-9fe3-4df7-b7dd-bf432c0425cb	2026-04-17	ashby-api	Partner Marketing Manager	Cohere	added
https://jobs.ashbyhq.com/cohere/df00a944-e9cf-44e2-85fe-15144212ebca	2026-04-17	ashby-api	Talent Acquisition Partner - GTM / G&A Recruiter 	Cohere	added
https://jobs.ashbyhq.com/cohere/a8122632-cc3b-4a1a-bd78-4b4b9466cb38	2026-04-17	ashby-api	Product Manager, Safety Research	Cohere	added
https://jobs.ashbyhq.com/cohere/d9d2740b-8869-462d-85df-21c1941bc13d	2026-04-17	ashby-api	Product Manager,  Native Experience & Growth	Cohere	added
https://jobs.ashbyhq.com/cohere/fe2e2971-e2c0-43fd-9ab1-187571776a5d	2026-04-17	ashby-api	Product Manager,  Platform Experience & Developer Product	Cohere	added
https://jobs.ashbyhq.com/cohere/2a7f1fad-05ff-4260-af36-556d1d694775	2026-04-17	ashby-api	Product Manager, Public Sector & Defence	Cohere	added
https://jobs.ashbyhq.com/cohere/1d1b300d-254b-48c4-958f-99c6b907f295	2026-04-17	ashby-api	Product Manager, Agent Harness & Modelling	Cohere	added
https://jobs.ashbyhq.com/cohere/a0193996-c527-42e0-af1e-79ed6ec64236	2026-04-17	ashby-api	Customer Marketing Manager	Cohere	added
https://jobs.ashbyhq.com/langchain/27af5f96-b287-4bcc-8679-f96686dc7c8d	2026-04-17	ashby-api	Product Manager, LangSmith	LangChain	added
https://jobs.ashbyhq.com/langchain/32c6fe13-76e0-49a2-849d-991014416987	2026-04-17	ashby-api	GTM Engineer	LangChain	added
https://jobs.ashbyhq.com/langchain/d8a8be3c-5e34-44a1-b4a8-e8c85b86b077	2026-04-17	ashby-api	Head of Marketing Operations and GTM Analytics	LangChain	added
https://jobs.ashbyhq.com/langchain/fc61254d-2dd2-4b92-b01a-162e805b921c	2026-04-17	ashby-api	Product Marketing - Observability	LangChain	added
https://jobs.ashbyhq.com/langchain/c0706500-4575-4150-88a7-e189ecb96d60	2026-04-17	ashby-api	Product Marketing - Agent Infrastructure	LangChain	added
https://jobs.ashbyhq.com/langchain/1a588677-0507-45a4-8a14-506e89d2444f	2026-04-17	ashby-api	Senior GTM Recruiter (UK)	LangChain	added
https://jobs.ashbyhq.com/deepgram/790579d8-6474-42ca-9104-9a4bafcf13e9	2026-04-17	ashby-api	Staff Product Analyst	Deepgram	added
https://jobs.ashbyhq.com/deepgram/3faa8232-6c6f-4b97-9b00-033175fa2285	2026-04-17	ashby-api	GTM Enablement Manager	Deepgram	added
https://jobs.ashbyhq.com/deepgram/5805bd61-f9f1-43b6-9bb7-55986f251924	2026-04-17	ashby-api	Product Marketing Manager, Customer Marketing	Deepgram	added
https://jobs.ashbyhq.com/deepgram/b9b27091-1a95-4c31-a304-55c31711887a	2026-04-17	ashby-api	Senior Product Marketing Manager, Text-to-Speech (TTS)	Deepgram	added
https://jobs.ashbyhq.com/pinecone/7261adcb-026d-4552-8f89-7a46156c40c5	2026-04-17	ashby-api	Principal Product Manager, Database	Pinecone	added
https://jobs.ashbyhq.com/pinecone/24f9a4e3-472d-4e63-908c-2653c0d8b612	2026-04-17	ashby-api	Principal Product Manager, Knowledge	Pinecone	added
https://jobs.ashbyhq.com/bland/e1dcf90a-6bb9-4d09-8592-f06b40fca002	2026-04-17	ashby-api	Content Marketing Lead	Bland AI	added
https://jobs.ashbyhq.com/DeepL/08d92b33-3ced-4d47-be31-3323e4c18b8b	2026-04-17	ashby-api	Staff Product Manager	DeepL	added
https://jobs.ashbyhq.com/DeepL/d76e8fbf-19f4-495b-9e2a-55b7a7ef3fa6	2026-04-17	ashby-api	Product GTM Specialist - DeepL Voice	DeepL	added
https://job-boards.greenhouse.io/blackforestlabs/jobs/5045195008	2026-04-17	greenhouse-api	GTM Systems Engineer 	Black Forest Labs	added
https://jobs.ashbyhq.com/lindy/ff98a7a7-26e8-48dc-8ecd-c9a69c1f390a	2026-04-17	ashby-api	Growth Product Manager	Lindy	added
https://helsing.ai/jobs/4124326101?gh_jid=4124326101	2026-04-17	greenhouse-api	Product Manager	Helsing	added
https://helsing.ai/jobs/4790417101?gh_jid=4790417101	2026-04-17	greenhouse-api	Product Manager - Development, Testing & Validation Platform	Helsing	added
https://helsing.ai/jobs/4785352101?gh_jid=4785352101	2026-04-17	greenhouse-api	Product Manager - Space	Helsing	added
https://helsing.ai/jobs/4468911101?gh_jid=4468911101	2026-04-17	greenhouse-api	(Senior) Product Marketing Manager	Helsing	added
https://job-boards.greenhouse.io/celonis/jobs/7638119003?gh_jid=7638119003	2026-04-17	greenhouse-api	Senior Product Manager - Celonis Labs	Celonis	added
https://job-boards.greenhouse.io/contentful/jobs/7540187	2026-04-17	greenhouse-api	Associate Product Marketing Manager - Enterprise GTM	Contentful	added
https://job-boards.greenhouse.io/contentful/jobs/7722517	2026-04-17	greenhouse-api	Product Marketing Manager - GTM	Contentful	added
https://job-boards.greenhouse.io/contentful/jobs/7658074	2026-04-17	greenhouse-api	Senior Product Manager (f/m/d)	Contentful	added
https://job-boards.greenhouse.io/contentful/jobs/7752248	2026-04-17	greenhouse-api	Senior Product Operations Manager (f/m/d)	Contentful	added
https://getyourguide.careers/jobs/7286753?gh_jid=7286753	2026-04-17	greenhouse-api	Group Product Manager, Supply	GetYourGuide	added
https://getyourguide.careers/jobs/7649294?gh_jid=7649294	2026-04-17	greenhouse-api	Lead Product Manager, B2C	GetYourGuide	added
https://getyourguide.careers/jobs/7657103?gh_jid=7657103	2026-04-17	greenhouse-api	Lead Product Manager, Paid Search	GetYourGuide	added
https://getyourguide.careers/jobs/7641738?gh_jid=7641738	2026-04-17	greenhouse-api	Senior Engagement Marketing Manager	GetYourGuide	added
https://getyourguide.careers/jobs/7668008?gh_jid=7668008	2026-04-17	greenhouse-api	Senior Go-to-Market Manager, New Categories	GetYourGuide	added
https://getyourguide.careers/jobs/7661406?gh_jid=7661406	2026-04-17	greenhouse-api	Senior Marketing Manager, App Growth	GetYourGuide	added
https://getyourguide.careers/jobs/7556882?gh_jid=7556882	2026-04-17	greenhouse-api	Senior Product Manager, Connectivity 	GetYourGuide	added
https://getyourguide.careers/jobs/7609887?gh_jid=7609887	2026-04-17	greenhouse-api	Senior Product Marketing Manager	GetYourGuide	added
https://careers.hellofresh.com/global/en/job/7820979?gh_jid=7820979	2026-04-17	greenhouse-api	Junior Product Marketing Manager	HelloFresh	added
https://careers.hellofresh.com/global/en/job/7597827?gh_jid=7597827	2026-04-17	greenhouse-api	Lead Product Operations (all genders)	HelloFresh	added
https://careers.hellofresh.com/global/en/job/7807392?gh_jid=7807392	2026-04-17	greenhouse-api	Marketing Analyst (all genders) 	HelloFresh	added
https://careers.hellofresh.com/global/en/job/7795996?gh_jid=7795996	2026-04-17	greenhouse-api	Product Analyst (all genders) 	HelloFresh	added
https://careers.hellofresh.com/global/en/job/7757144?gh_jid=7757144	2026-04-17	greenhouse-api	 Product Operations Assistant	HelloFresh	added
https://careers.hellofresh.com/global/en/job/7756952?gh_jid=7756952	2026-04-17	greenhouse-api	Product Operations Planner (Menu Planning)	HelloFresh	added
https://careers.hellofresh.com/global/en/job/7704564?gh_jid=7704564	2026-04-17	greenhouse-api	Product Operations Specialist (12 Months Contract)	HelloFresh	added
https://careers.hellofresh.com/global/en/job/7805748?gh_jid=7805748	2026-04-17	greenhouse-api	Product Operations & Strategy intern (M/F/X) 	HelloFresh	added
https://careers.hellofresh.com/global/en/job/7800063?gh_jid=7800063	2026-04-17	greenhouse-api	Senior Marketing Analyst	HelloFresh	added
https://careers.hellofresh.com/global/en/job/7774485?gh_jid=7774485	2026-04-17	greenhouse-api	Senior Online Marketing Manager	HelloFresh	added
https://careers.hellofresh.com/global/en/job/7783177?gh_jid=7783177	2026-04-17	greenhouse-api	Senior Product Manager	HelloFresh	added
https://careers.hellofresh.com/global/en/job/7556268?gh_jid=7556268	2026-04-17	greenhouse-api	Staff Product Analyst, Consumer Analytics (f/m/x)	HelloFresh	added
https://careers.hellofresh.com/global/en/job/7539972?gh_jid=7539972	2026-04-17	greenhouse-api	Staff Product Analyst, Growth 	HelloFresh	added
https://careers.hellofresh.com/global/en/job/7594595?gh_jid=7594595	2026-04-17	greenhouse-api	Staff Product Manager, Growth 	HelloFresh	added
https://careers.hellofresh.com/global/en/job/7653269?gh_jid=7653269	2026-04-17	greenhouse-api	[TECH] Senior Product Analyst [CONSUMER]	HelloFresh	added
https://careers.hellofresh.com/global/en/job/7793334?gh_jid=7793334	2026-04-17	greenhouse-api	[US-HQ] Retail Product Manager	HelloFresh	added
https://n26.com/en-eu/careers/positions/7668144?gh_jid=7668144	2026-04-17	greenhouse-api	Product Manager - AI Products	N26	added
https://n26.com/en-eu/careers/positions/7704226?gh_jid=7704226	2026-04-17	greenhouse-api	(Senior) Product Manager - Onboarding & KYC	N26	added
https://n26.com/en-eu/careers/positions/7140089?gh_jid=7140089	2026-04-17	greenhouse-api	Senior Product Manager - Payments Platform (Backend)	N26	added
https://traderepublic.com/en-de/about?jobId=7652222003&gh_jid=7652222003	2026-04-17	greenhouse-api	Influencer Marketing Intern - French Speaker	Trade Republic	added
https://traderepublic.com/en-de/about?jobId=6067355003&gh_jid=6067355003	2026-04-17	greenhouse-api	Product Operations Associate/Manager	Trade Republic	added
https://traderepublic.com/en-de/about?jobId=5614731003&gh_jid=5614731003	2026-04-17	greenhouse-api	Senior Technical Product Manager	Trade Republic	added
https://traderepublic.com/en-de/about?jobId=6551435003&gh_jid=6551435003	2026-04-17	greenhouse-api	Senior Technical Product Manager - Banking infra	Trade Republic	added
https://sumup.com/careers/positions/8343371002?gh_jid=8343371002	2026-04-17	greenhouse-api	Product Manager - Acquiring	SumUp	added
https://sumup.com/careers/positions/8431505002?gh_jid=8431505002	2026-04-17	greenhouse-api	Product Operations Specialist - Payments	SumUp	added
https://sumup.com/careers/positions/8366752002?gh_jid=8366752002	2026-04-17	greenhouse-api	Senior Product Manager	SumUp	added
https://sumup.com/careers/positions/8313095002?gh_jid=8313095002	2026-04-17	greenhouse-api	Senior Product Manager - Acquiring	SumUp	added
https://sumup.com/careers/positions/8458928002?gh_jid=8458928002	2026-04-17	greenhouse-api	Senior Product Manager - Bookings	SumUp	added
https://sumup.com/careers/positions/8418443002?gh_jid=8418443002	2026-04-17	greenhouse-api	Senior Technical Product Manager - Commercial Data	SumUp	added
https://jobs.ashbyhq.com/elevenlabs/78f45556-04cc-4f08-abb2-18e639ed9343	2026-04-17	ashby-api	B2B Growth Marketing - Agents	ElevenLabs	added
https://jobs.ashbyhq.com/elevenlabs/f2ae7fe0-67da-48ae-b126-b942899ec7e9	2026-04-17	ashby-api	Product Marketing - Agents	ElevenLabs	added
https://jobs.ashbyhq.com/elevenlabs/f3d912e2-eecd-4525-8973-13ec71654e6e	2026-04-17	ashby-api	B2B Marketing - Oceania	ElevenLabs	added
https://jobs.ashbyhq.com/elevenlabs/baf2a98e-2cc7-4988-b98a-2b92a62d05dd	2026-04-17	ashby-api	B2B Marketing Lead - ElevenCreative	ElevenLabs	added
https://jobs.ashbyhq.com/elevenlabs/b3700233-a7b6-4454-ada0-9474630e92be	2026-04-17	ashby-api	GTM Enablement - Outbound	ElevenLabs	added
https://jobs.ashbyhq.com/elevenlabs/9c1b62fd-63e2-4ca4-8c0f-0f772bb59d4e	2026-04-17	ashby-api	Marketing Intern	ElevenLabs	added
https://jobs.ashbyhq.com/elevenlabs/2f121da5-8c9a-401a-9332-3156c5d33113	2026-04-17	ashby-api	GTM Enablement - Partnerships Lead	ElevenLabs	added
https://jobs.ashbyhq.com/elevenlabs/0f27b962-8ff2-4e1b-b138-769a50391800	2026-04-17	ashby-api	GTM Agentic Enablement Lead	ElevenLabs	added
https://jobs.ashbyhq.com/elevenlabs/eee2abfb-bd2f-410d-a339-3923e9c95043	2026-04-17	ashby-api	GTM Enablement - Expansion	ElevenLabs	added
https://jobs.ashbyhq.com/elevenlabs/4bafa4ea-5271-43af-903e-2dfca0123753	2026-04-17	ashby-api	B2B Marketing - UK/I	ElevenLabs	added
https://jobs.ashbyhq.com/elevenlabs/e988d8ca-08f4-484a-943a-0e5ed5b215ef	2026-04-17	ashby-api	GTM Recruiter 	ElevenLabs	added
https://jobs.ashbyhq.com/elevenlabs/aec0a22c-243c-4f5a-a90a-51eb12c91f71	2026-04-17	ashby-api	B2B Marketing Mandarin Growth Lead	ElevenLabs	added
https://jobs.ashbyhq.com/elevenlabs/89f01b9a-be26-4fe4-8a06-e5a65b85fcdc	2026-04-17	ashby-api	B2B Marketing - North America Generalist	ElevenLabs	added
https://www.scandit.com/careers/job-description/?gh_jid=7602050	2026-04-17	greenhouse-api	Senior Manager, Demand Generation Automation and Marketing Operations	Scandit	added
https://jobs.ashbyhq.com/photoroom/9de9686b-2b9f-446b-8b89-a4c0e859b60b	2026-04-17	ashby-api	Senior Product Analyst	Photoroom	added
https://jobs.ashbyhq.com/photoroom/321aa19e-bd58-4ac2-bd65-da23aea6299b	2026-04-17	ashby-api	Senior Growth Marketing	Photoroom	added
https://wayve.firststage.co/jobs?gh_jid=8325451002	2026-04-17	greenhouse-api	Technical Product Manager - Robotaxi	Wayve	added
https://jobs.ashbyhq.com/synthesia/d1c1ffdc-4c67-416f-a6ff-6baefc7a158f	2026-04-17	ashby-api	GTM Methodology Lead	Synthesia	added
https://jobs.ashbyhq.com/synthesia/fd3617a1-b117-417d-bee5-416ea9193150	2026-04-17	ashby-api	Product Manager, Video Creation & Editing (Principal-level)	Synthesia	added
https://jobs.ashbyhq.com/synthesia/148478bf-ebc4-4e3a-a540-40a74793fe3b	2026-04-17	ashby-api	Senior Product Marketing Manager, Content & Events	Synthesia	added
https://jobs.ashbyhq.com/synthesia/c173d801-503b-433b-98de-d7890d124a9e	2026-04-17	ashby-api	Field Marketing Manager - DACH	Synthesia	added
https://jobs.ashbyhq.com/synthesia/c9784e0b-1ca1-4b17-815e-c232837ce2fd	2026-04-17	ashby-api	Product Marketing Manager, Release Marketing	Synthesia	added
https://jobs.ashbyhq.com/causaly/3937cb5a-b757-468e-8d5e-d6344c21b626	2026-04-17	ashby-api	(Go-To-Market) GTM Engineer	Causaly	added
https://jobs.ashbyhq.com/causaly/fbbff5d2-a72e-401a-96d5-ba359b3d0e76	2026-04-17	ashby-api	Director of Product Marketing	Causaly	added
https://jobs.ashbyhq.com/lovable/dbfc5125-d45a-4178-be25-cccd4309ae16	2026-04-17	ashby-api	GTM Recruiter	Lovable	added
https://jobs.ashbyhq.com/lovable/bdce58c3-325b-4c7a-a399-61ed676db544	2026-04-17	ashby-api	Marketing Analyst	Lovable	added
https://jobs.ashbyhq.com/lovable/9f99aea5-f136-406a-8b6c-a7840338b7c0	2026-04-17	ashby-api	Product Manager 	Lovable	added
https://jobs.ashbyhq.com/lovable/56715dbe-a7a3-427d-90c7-338697891f6e	2026-04-17	ashby-api	GTM Engineer	Lovable	added
https://jobs.ashbyhq.com/lovable/e8897c7e-53bd-43f8-94bb-02237f4459bb	2026-04-17	ashby-api	Product Manager (Build Experience)	Lovable	added
https://jobs.ashbyhq.com/lovable/1140665c-a426-49d5-bcdd-f78560efe50d	2026-04-17	ashby-api	Product Manager (Agents) 	Lovable	added
https://jobs.ashbyhq.com/lovable/282cea94-a525-43a6-a18e-8b92900d03f8	2026-04-17	ashby-api	Product Manager (Security)	Lovable	added
https://jobs.ashbyhq.com/lovable/601f50aa-db7f-4727-8427-80b9038c52ca	2026-04-17	ashby-api	Product Manager (Enterprise)	Lovable	added
https://jobs.ashbyhq.com/legora/97c6bdbe-dc8f-40a5-be38-95b3206a1f21	2026-04-17	ashby-api	Events & Field Marketing Manager	Legora	added
https://jobs.ashbyhq.com/legora/41ce10ab-8cb7-4923-a2e3-819875689a7c	2026-04-17	ashby-api	GTM Manager SMB	Legora	added
https://jobs.ashbyhq.com/legora/1e77bc34-dd2c-494f-a7c0-26947df2fa5f	2026-04-17	ashby-api	GTM Manager SMB - EMEA	Legora	added
https://jobs.ashbyhq.com/legora/3f2e1bb4-2a6d-4ce6-8cb9-7cbde773d80c	2026-04-17	ashby-api	GTM Manager Enterprise	Legora	added
https://jobs.ashbyhq.com/legora/bccff189-79ed-43f5-8205-5a473b894a7c	2026-04-17	ashby-api	GTM Manager - EMEA	Legora	added
https://jobs.ashbyhq.com/legora/8c0f3ca8-229b-4a76-ae50-4939dfffd8e9	2026-04-17	ashby-api	GTM Director - Northern Europe	Legora	added
https://jobs.ashbyhq.com/legora/d8793be1-1eac-411d-a383-8d4ff697eae5	2026-04-17	ashby-api	Product Operations Manager	Legora	added
https://jobs.ashbyhq.com/legora/2a039690-a7d7-4dae-91c3-a80fc3eb121d	2026-04-17	ashby-api	Product Manager - Core Product / Growth	Legora	added
https://jobs.ashbyhq.com/legora/341b8ffd-24e7-4691-bc7e-1ac6c2128fb1	2026-04-17	ashby-api	GTM Manager	Legora	added
https://jobs.ashbyhq.com/legora/9f578b74-ec54-481f-9cd5-f6a9cead5f26	2026-04-17	ashby-api	Director of GTM Systems & Architecture	Legora	added
https://jobs.ashbyhq.com/legora/4bbf1a61-77bb-4e71-a3ed-10be73291b85	2026-04-17	ashby-api	Product Manager	Legora	added
https://jobs.ashbyhq.com/legora/c045f902-44b0-4005-8e2f-bd9442b2963b	2026-04-17	ashby-api	Marketing Manager, Campaigns	Legora	added
https://jobs.ashbyhq.com/legora/f5893c3c-c9c6-4a3c-8f2e-30431247891d	2026-04-17	ashby-api	GTM Manager Mid-Market	Legora	added
https://jobs.ashbyhq.com/legora/8eeec7d1-078f-4976-8db0-728d307a383b	2026-04-17	ashby-api	GTM Manager - DACH 	Legora	added
https://jobs.ashbyhq.com/legora/ea531754-7a09-4b8d-9419-cbca0d455528	2026-04-17	ashby-api	GTM Associate	Legora	added
https://jobs.ashbyhq.com/legora/753e12dd-8379-412a-b43b-3fd4ad9ebdad	2026-04-17	ashby-api	GTM Strategy & Planning Senior Analyst	Legora	added
https://jobs.ashbyhq.com/legora/ea782caa-0a06-4670-b4b8-d7f30e7f7df8	2026-04-17	ashby-api	Senior Product Marketing Manager	Legora	added
https://jobs.ashbyhq.com/legora/a465beed-5aac-4fdf-9a79-fca07c11fe3c	2026-04-17	ashby-api	GTM Systems Analyst	Legora	added
https://jobs.ashbyhq.com/legora/e5a841b4-bd1d-4cc4-b4e4-381feaa71e3d	2026-04-17	ashby-api	GTM Associate - EMEA	Legora	added
https://jobs.ashbyhq.com/legora/0002076c-d001-470a-b308-1df68e66f661	2026-04-17	ashby-api	GTM Manager - Public Sector	Legora	added
https://jobs.ashbyhq.com/legora/13a86d48-18a7-4be2-a488-992015c7e2d6	2026-04-17	ashby-api	GTM Manager Mid Market	Legora	added
https://jobs.ashbyhq.com/legora/aae1d02d-47f3-47ab-aad0-d9cc5c93f9dc	2026-04-17	ashby-api	Senior Product Marketing Manager, Partnerships	Legora	added
https://jobs.lever.co/mistral/6201f9a0-233f-4de3-a8cc-65b75e99370f	2026-04-17	lever-api	Product Manager, AI Studio	Mistral AI	added
https://jobs.lever.co/mistral/e769b26a-90e9-4c6f-877c-a145a93f705d	2026-04-17	lever-api	Product Manager, Audio	Mistral AI	added
https://jobs.lever.co/mistral/ca22a1ac-c87e-4463-914a-6753ca79318c	2026-04-17	lever-api	Product Manager, Cloud Partnerships	Mistral AI	added
https://jobs.lever.co/mistral/c08c3a0f-9899-4e6c-8195-8b1cc24c56ff	2026-04-17	lever-api	Product Manager, Context & Search	Mistral AI	added
https://jobs.lever.co/mistral/11087966-f183-44b1-adc9-3a400c1f52ad	2026-04-17	lever-api	Product Manager, Forge	Mistral AI	added
https://jobs.lever.co/mistral/650e0e53-dc35-4e61-9b46-6f7ef003d0be	2026-04-17	lever-api	Product Manager, Mistral Vibe	Mistral AI	added
https://jobs.lever.co/mistral/c5e134c7-0513-40cb-99f7-e1e87f9a3349	2026-04-17	lever-api	Product Marketing Manager, Solutions	Mistral AI	added
https://jobs.lever.co/mistral/8f3566b9-8165-46e1-899f-f37f8fe35ab5	2026-04-17	lever-api	Senior Product Marketing Manager - Studio	Mistral AI	added
https://jobs.lever.co/mistral/41262cfd-5a86-4645-b059-1de4ee9b9ccb	2026-04-17	lever-api	Talent Acquisition (Engineering/Product/GTM/ Science) - EMEA	Mistral AI	added
https://jobs.ashbyhq.com/decagon/dcf9b561-f2fb-422b-88a9-33ce76e96608	2026-04-17	ashby-api	Senior Agent Product Manager	Decagon	added
https://jobs.ashbyhq.com/decagon/d790a2a2-958d-4f49-96ed-adbd68d2e6ce	2026-04-17	ashby-api	Product Manager	Decagon	added
https://jobs.ashbyhq.com/decagon/0563a376-0881-48c6-92ae-d1ac4ee58765	2026-04-17	ashby-api	Product Manager, Voice Agent	Decagon	added
https://jobs.ashbyhq.com/decagon/e19bc04b-5f18-4047-b3cf-7cb47a610948	2026-04-17	ashby-api	Senior GTM Recruiter	Decagon	added
https://jobs.ashbyhq.com/decagon/37d06ec4-153c-4486-b371-815cd90be94f	2026-04-17	ashby-api	Product Operations Manager	Decagon	added
https://jobs.ashbyhq.com/decagon/6321ea2f-4e21-4c18-8859-b4ef5489b6fe	2026-04-17	ashby-api	Product Manager, Research	Decagon	added
https://jobs.ashbyhq.com/decagon/0e8a35cd-be75-436e-8407-f4e8dd2d2c59	2026-04-17	ashby-api	GTM Enablement Manager 	Decagon	added
https://jobs.ashbyhq.com/decagon/41f9ff8f-2d69-455f-ba6c-ac304cfec0e6	2026-04-17	ashby-api	Customer Marketing Manager	Decagon	added
https://jobs.lever.co/pigment/1015668b-21b7-4a93-bfc0-4acc9e73bb62	2026-04-17	lever-api	Business Development/Sales & Growth Marketing EMEA (6-month Internship)	Pigment	added
https://jobs.lever.co/pigment/d025a757-a3df-4ef7-8344-bcd0de83933f	2026-04-17	lever-api	Business Development/Sales & Growth Marketing North America (6-month Internship)	Pigment	added
https://jobs.lever.co/pigment/fcf8094a-8356-43c1-b3ef-a58e35feb665	2026-04-17	lever-api	Growth Manager (GTM Engineer)	Pigment	added
https://jobs.lever.co/pigment/02224c31-9528-460b-b491-8cce972dfe57	2026-04-17	lever-api	Product Marketing Manager	Pigment	added
https://jobs.lever.co/pigment/19125f5d-b3b2-43f1-bc9f-ca60ff3e0e2d	2026-04-17	lever-api	RPO - Talent Acquisition Manager GTM	Pigment	added
https://jobs.lever.co/pigment/2db30e68-66a1-4f89-b914-20371aaf6be5	2026-04-17	lever-api	Talent Acquisition Manager - GTM	Pigment	added
https://jobs.lever.co/pigment/476dce0e-ff12-4719-954b-e6f22a0ad3d5	2026-04-17	lever-api	Talent Acquisition Manager GTM - New York	Pigment	added
https://jobs.lever.co/pigment/1b87e2f6-31f0-467e-9f90-ab97dfe503f5	2026-04-17	lever-api	Talent Acquisition Manager GTM - Paris	Pigment	added
https://jobs.ashbyhq.com/claylabs/0bfc4016-f5b2-4957-a305-ec5dd96d4fa4	2026-04-17	ashby-api	Sales Manager (GTME)	Clay Labs	added
https://jobs.ashbyhq.com/claylabs/97b397e4-0858-4027-9ca2-53f3d1d40614	2026-04-17	ashby-api	GTM Recruiter	Clay Labs	added
https://jobs.ashbyhq.com/claylabs/bc8f9e76-1f80-4d94-9058-bac711f78254	2026-04-17	ashby-api	Head of GTM Recruiting	Clay Labs	added
https://jobs.ashbyhq.com/claylabs/0df88e24-28da-4376-956d-926111832a32	2026-04-17	ashby-api	Head of GTM Architecture	Clay Labs	added
https://jobs.ashbyhq.com/claylabs/0944c931-d792-45f9-9d5f-eab2dacad4d8	2026-04-17	ashby-api	GTME (Sales) Enablement	Clay Labs	added
https://jobs.ashbyhq.com/claylabs/31d3597f-400e-4c12-9692-a5fb6f5e0d03	2026-04-17	ashby-api	GTM Data Analyst	Clay Labs	added
https://jobs.ashbyhq.com/claylabs/749a6373-0979-424a-abc9-9cfc511a5e44	2026-04-17	ashby-api	Product Manager, Enrichment & AI	Clay Labs	added
https://jobs.ashbyhq.com/claylabs/26c9a251-b616-49f7-a489-4d393a02ea5f	2026-04-17	ashby-api	Forward Deployed GTME	Clay Labs	added
https://jobs.ashbyhq.com/claylabs/84212160-462f-42a1-a9c2-b9b6428e945f	2026-04-17	ashby-api	Account Executive (GTME - New Business)	Clay Labs	added
https://jobs.ashbyhq.com/claylabs/f50ce265-afa3-4da7-9d1b-f0b02256282c	2026-04-17	ashby-api	Go-To-Market Engineering (GTME) Ecosystems - Cohorts	Clay Labs	added
https://jobs.ashbyhq.com/claylabs/6a716895-54fb-41f7-9cd5-13ff6a4085a4	2026-04-17	ashby-api	Account Executive (GTME - High Velocity)	Clay Labs	added
https://jobs.ashbyhq.com/claylabs/62288ab1-bd64-4ced-869d-66d887b8251c	2026-04-17	ashby-api	Sales Manager (GTME) 	Clay Labs	added
https://jobs.ashbyhq.com/claylabs/a6e7ee84-c7b5-4a4a-b90b-0a39f1968149	2026-04-17	ashby-api	Product Marketing	Clay Labs	added
https://jobs.ashbyhq.com/claylabs/b798c398-c11d-4d51-8c37-95cd657ca0a5	2026-04-17	ashby-api	Product Operations	Clay Labs	added
https://job-boards.greenhouse.io/hightouch/jobs/5823552004	2026-04-17	greenhouse-api	AI Operations, GTM	Hightouch	added
https://job-boards.greenhouse.io/hightouch/jobs/5799725004	2026-04-17	greenhouse-api	Product Marketing Manager, AdTech	Hightouch	added
https://job-boards.greenhouse.io/hightouch/jobs/5791306004	2026-04-17	greenhouse-api	Product Marketing Manager, Partnerships	Hightouch	added
https://job-boards.greenhouse.io/hightouch/jobs/5792609004	2026-04-17	greenhouse-api	Senior People Partner, GTM	Hightouch	added
https://jobs.ashbyhq.com/workos/70cedfd9-1ed8-4e4e-bc6a-9f0bbcc4756d	2026-04-17	ashby-api	GTM - Enterprise Sales	WorkOS	added
https://jobs.ashbyhq.com/workos/afdd651f-c97a-4ba2-88af-c790eb9e1a1d	2026-04-17	ashby-api	GTM - AI Native Sales	WorkOS	added
https://jobs.ashbyhq.com/workos/990c41b1-e3c3-4a75-83c2-ca916899c110	2026-04-17	ashby-api	GTM Engineer	WorkOS	added
https://jobs.ashbyhq.com/workos/5550ddd5-c3eb-459a-aa4d-8b1216346d88	2026-04-17	ashby-api	Product Manager	WorkOS	added
https://jobs.ashbyhq.com/supabase/7c1d5022-7a96-4e62-85e9-f5d586b6d34b	2026-04-17	ashby-api	Product Marketing Manager 	Supabase	added
https://jobs.ashbyhq.com/supabase/2ab81e46-2e46-4120-938c-429b9f4aa7a7	2026-04-17	ashby-api	Field & Events Marketing Manager 	Supabase	added
https://jobs.ashbyhq.com/supabase/f9b0d8ca-16e3-481d-b41e-5453bbc77cc9	2026-04-17	ashby-api	GTM Engineer	Supabase	added
https://jobs.ashbyhq.com/supabase/a13f3149-ea55-4abf-8bcd-d53ed575bd37	2026-04-17	ashby-api	GTM Compensation Lead 	Supabase	added
https://jobs.ashbyhq.com/supabase/47282e37-34dc-401d-a1cd-dbe85fdd1c22	2026-04-17	ashby-api	Product Manager - Pricing & Billing	Supabase	added
https://jobs.ashbyhq.com/clerk/be4962fc-0c3e-47c3-b77e-71e48d62a376	2026-04-17	ashby-api	Product Manager, Billing	Clerk	added
https://jobs.lever.co/qonto/571bb4f5-a0c5-4396-a3a2-44ebb710866e	2026-04-17	lever-api	Marketing Intern (Global Brand)	Qonto	added
https://jobs.lever.co/qonto/fafae69e-49a1-4c19-9499-5051927c9ee4	2026-04-17	lever-api	Product Manager - e-Invoicing - French speaking 🇫🇷	Qonto	added
https://jobs.lever.co/qonto/ccebc25a-cc07-458e-bf9b-d36c33de441c	2026-04-17	lever-api	Product Manager - KYC/KYB	Qonto	added
https://jobs.lever.co/qonto/4aff341d-3732-418f-b6fa-84e36c1e7979	2026-04-17	lever-api	Senior Product Manager - Accounting Domain - French speaking 🇫🇷	Qonto	added
https://jobs.lever.co/qonto/4da0db79-ae25-4983-bae1-4fb99acb4c26	2026-04-17	lever-api	Senior Product Marketing Manager - German Market	Qonto	added
https://jobs.ashbyhq.com/perplexity/5ec96ca1-319a-4b85-99ce-e06629099cf9	2026-04-17	ashby-api	Product Marketing Manager	Perplexity	added
https://jobs.ashbyhq.com/perplexity/2be717cb-ad3e-4052-a464-79b107a70406	2026-04-17	ashby-api	Demand Generation Lead	Perplexity	added
https://jobs.ashbyhq.com/perplexity/9e3a4516-b893-4579-9a6a-3720658e4b6d	2026-04-17	ashby-api	Solutions Product Marketing Manager	Perplexity	added
https://jobs.ashbyhq.com/sierra/422cb7bb-ab03-447b-808c-6d72f59bbd2f	2026-04-17	ashby-api	Product Manager, Agent Data Platform	Sierra	added
https://jobs.ashbyhq.com/sierra/effd7cd2-8a28-4bae-a3b8-40720ba09717	2026-04-17	ashby-api	Product Manager, Agent Development	Sierra	added
https://jobs.ashbyhq.com/sierra/fed8ca9a-0bb7-44ef-a541-0be6a8ae7bba	2026-04-17	ashby-api	Product Manager, Agent Development (German speaking)	Sierra	added
https://jobs.ashbyhq.com/sierra/38f06024-4ee9-47d6-a36f-f2791ac1e412	2026-04-17	ashby-api	Product Manager, Agent Development (French speaking)	Sierra	added
https://jobs.ashbyhq.com/sierra/4892f01e-8871-4b32-8963-527f1cf8db5d	2026-04-17	ashby-api	Product Manager, Agent Development (Spanish speaking)	Sierra	added
https://jobs.ashbyhq.com/sierra/9dc1651d-43e9-4970-a757-a5223cef1c4d	2026-04-17	ashby-api	Product Manager, Agent Development (Arabic speaking)	Sierra	added
https://jobs.ashbyhq.com/sierra/edf44ab4-538b-4e65-b93c-392c950b9fe6	2026-04-17	ashby-api	Product Manager, Agent Development 	Sierra	added
https://jobs.ashbyhq.com/sierra/2e07f536-bbaa-4cc0-957a-774ddf99de64	2026-04-17	ashby-api	Product Manager, Agent Development (Italian speaking)	Sierra	added
https://jobs.ashbyhq.com/sierra/1c991675-099f-49dd-9b9b-bd3c9111e65c	2026-04-17	ashby-api	GTM Systems Administrator	Sierra	added
https://jobs.ashbyhq.com/sierra/10d2e2f1-6657-40c9-b6fb-6999c76df6cf	2026-04-17	ashby-api	Product Manager, Agent SDK	Sierra	added
https://jobs.ashbyhq.com/sierra/21a4df49-1b95-4fe9-b375-af6cf69c0812	2026-04-17	ashby-api	GTM Operations Analyst	Sierra	added
https://jobs.ashbyhq.com/sierra/85e1d0f9-e0d5-4a82-9b30-fa4372e32872	2026-04-17	ashby-api	GTM Operations Analyst, Agent Development	Sierra	added
https://jobs.ashbyhq.com/sierra/65eb2c63-c936-4e8e-87e7-ea080dcdca73	2026-04-17	ashby-api	Product Manager, Agent Development - Healthcare	Sierra	added
https://jobs.ashbyhq.com/sierra/0c66e8ed-1c18-4b64-ad27-a522a866b6e1	2026-04-17	ashby-api	Product Manager, Voice	Sierra	added
https://jobs.ashbyhq.com/sierra/5aaa2eeb-92bc-4b0a-901e-8e091eff819e	2026-04-17	ashby-api	Product Manager, Agent Studio	Sierra	added
https://jobs.ashbyhq.com/sierra/38262b5f-65ec-4563-922f-ea3d3d8f78b8	2026-04-17	ashby-api	Marketing Manager, Events 	Sierra	added
https://jobs.ashbyhq.com/sierra/22ba107d-de01-4aa3-98fc-838cccad760c	2026-04-17	ashby-api	Product Manager, Ghostwriter	Sierra	added
https://job-boards.greenhouse.io/intercom/jobs/7811880	2026-04-17	greenhouse-api	Principal Engineer - Go-To-Market	Intercom	added
https://job-boards.greenhouse.io/intercom/jobs/7464291	2026-04-17	greenhouse-api	Senior AI Product Manager	Intercom	added
https://job-boards.greenhouse.io/intercom/jobs/5379326	2026-04-17	greenhouse-api	Senior Product Manager	Intercom	added
https://job-boards.greenhouse.io/intercom/jobs/7511855	2026-04-17	greenhouse-api	Senior Product Manager, Web 	Intercom	added
https://job-boards.greenhouse.io/intercom/jobs/7279208	2026-04-17	greenhouse-api	Staff Product Manager - Web Growth	Intercom	added
https://jobs.ashbyhq.com/decagon/e31c0645-7325-43b9-9d58-0acc40904240	2026-04-17	ashby-api	Senior Agent Product Manager	Decagon	added
https://jobs.ashbyhq.com/sierra/b4b762e6-8ce7-4ea7-b9b3-40c04f62135a	2026-04-17	ashby-api	Product Manager, Agent Development	Sierra	added
https://jobs.ashbyhq.com/sierra/569ba29b-de35-4bce-a16c-e27cb9b683ea	2026-04-17	ashby-api	GTM Operations Analyst, Agent Development	Sierra	added
https://job-boards.greenhouse.io/gleanwork/jobs/4651950005	2026-04-17	greenhouse-api	Forward Deployed Product Manager	Glean	added
https://job-boards.greenhouse.io/gleanwork/jobs/4007711005	2026-04-17	greenhouse-api	Product Manager	Glean	added
https://job-boards.greenhouse.io/gleanwork/jobs/4482380005	2026-04-17	greenhouse-api	Product Manager, Connectors	Glean	added
https://job-boards.eu.greenhouse.io/speechmatics/jobs/4675075101	2026-04-17	greenhouse-api	Senior Product Manager	Speechmatics	added
https://jobs.ashbyhq.com/langchain/87f5f961-7551-4440-a56d-5445d9e7748d	2026-04-17	ashby-api	Head of Marketing Operations and GTM Analytics	LangChain	added
https://jobs.ashbyhq.com/langchain/7bb07844-ffa2-4a76-932e-204ea6a406b5	2026-04-17	ashby-api	Product Marketing - Agent Infrastructure	LangChain	added
https://job-boards.greenhouse.io/contentful/jobs/7635752	2026-04-17	greenhouse-api	Senior Product Manager (f/m/d)	Contentful	added
https://job-boards.greenhouse.io/contentful/jobs/7776379	2026-04-17	greenhouse-api	Senior Product Operations Manager (f/m/d)	Contentful	added
https://n26.com/en-eu/careers/positions/7673342?gh_jid=7673342	2026-04-17	greenhouse-api	Product Manager - AI Products	N26	added
https://n26.com/en-eu/careers/positions/7668142?gh_jid=7668142	2026-04-17	greenhouse-api	(Senior) Product Manager - Onboarding & KYC	N26	added
https://n26.com/en-eu/careers/positions/7140058?gh_jid=7140058	2026-04-17	greenhouse-api	Senior Product Manager - Payments Platform (Backend)	N26	added
https://www.scandit.com/careers/job-description/?gh_jid=7588962	2026-04-17	greenhouse-api	Senior Manager, Demand Generation Automation and Marketing Operations	Scandit	added
https://jobs.ashbyhq.com/legora/192e2fee-6405-4ea6-9515-ff8c6aea7db7	2026-04-17	ashby-api	GTM Manager SMB	Legora	added
https://jobs.ashbyhq.com/legora/8655482a-b3c8-4e1a-9736-1b288b08acb5	2026-04-17	ashby-api	Marketing Manager, Campaigns	Legora	added
https://jobs.ashbyhq.com/legora/68afde97-1cbd-4050-9ab0-139ce521271e	2026-04-17	ashby-api	GTM Manager Enterprise	Legora	added
https://jobs.ashbyhq.com/claylabs/7ee967d9-82eb-4a9a-ab49-617f608872c9	2026-04-17	ashby-api	Account Executive (GTME - New Business)	Clay Labs	added
https://jobs.ashbyhq.com/claylabs/741b403b-6581-4c55-ad98-03eb51d66795	2026-04-17	ashby-api	Account Executive (GTME - High Velocity)	Clay Labs	added
https://jobs.lever.co/pigment/150fdf8f-a235-4404-b9b4-289f15096b1a	2026-04-17	lever-api	Product Marketing Manager	Pigment	added
https://jobs.lever.co/pigment/b3483219-d576-40a5-8c05-f2dfe93a59f3	2026-04-17	lever-api	RPO - Talent Acquisition Manager GTM	Pigment	added
